use easy_db;
INSERT INTO user (username,realname,student_number,college_id,password,email,phone,sex,birth,is_open_zone,level,user_avatar,notice,intro) VALUES ("Alan","张三","202006070001",1,"5f4dcc3b5aa765d61d8327deb882cf99","test_account_01@foxmail.com","18906070000",0,"2000-01-01",1,1,"/images/default.jpg","这是测试用户，这是我的空间公告","该用户真是懒到不行啦~连简介都要代劳");
INSERT INTO user (username,realname,student_number,college_id,password,email,phone,sex,birth,is_open_zone,level,user_avatar,notice,intro) VALUES ("Beer","李四","202006070002",2,"5f4dcc3b5aa765d61d8327deb882cf99","test_account_02@foxmail.com","18906070001",0,"2000-01-02",1,1,"/images/default.jpg","这是测试用户，这是我的空间公告","该用户真是懒到不行啦~连简介都要代劳");
INSERT INTO user (username,realname,student_number,college_id,password,email,phone,sex,birth,is_open_zone,level,user_avatar,notice,intro) VALUES ("Chen","陈一发","202006070002",1,"5f4dcc3b5aa765d61d8327deb882cf99","test_account_03@foxmail.com","18906070002",0,"2000-01-03",1,1,"/images/default.jpg","这是测试用户，这是我的空间公告","该用户真是懒到不行啦~连简介都要代劳");
INSERT INTO user (username,realname,student_number,college_id,password,email,phone,sex,birth,is_open_zone,level,user_avatar,notice,intro) VALUES ("Dog","王五","202006070004",1,"5f4dcc3b5aa765d61d8327deb882cf99","test_account_05@foxmail.com","18906070004",0,"2000-01-05",1,1,"/images/default.jpg","这是测试用户，这是我的空间公告","该用户真是懒到不行啦~连简介都要代劳");
INSERT INTO user (username,realname,student_number,college_id,password,email,phone,sex,birth,is_open_zone,level,user_avatar,notice,intro) VALUES ("EDGNB","黄六","202006070005",1,"5f4dcc3b5aa765d61d8327deb882cf99","test_account_06@foxmail.com","18906070005",0,"2000-02-06",1,1,"/images/default.jpg","这是测试Test05用户，这是我的空间公告","该用户真是懒到不行啦~连简介都要代劳");
INSERT INTO user (username,realname,student_number,college_id,password,email,phone,sex,birth,is_open_zone,level,user_avatar,notice,intro) VALUES ("FuckYouMan","李鸿雁","202006070006",1,"5f4dcc3b5aa765d61d8327deb882cf99","test_account_07@foxmail.com","18906070006",0,"2000-05-05",1,1,"/images/default.jpg","这是测试用户，这是我的空间公告","该用户真是懒到不行啦~连简介都要代劳");
INSERT INTO user (username,realname,student_number,college_id,password,email,phone,sex,birth,is_open_zone,level,user_avatar,notice,intro) VALUES ("惜曦","陈洁菁","202006070007",1,"5f4dcc3b5aa765d61d8327deb882cf99","test_account_08@foxmail.com","18906070007",0,"2001-06-22",0,1,"/images/default.jpg","这是测试用户，这是我的空间公告","该用户真是懒到不行啦~连简介都要代劳");
INSERT INTO user (username,realname,student_number,college_id,password,email,phone,sex,birth,is_open_zone,level,user_avatar,notice,intro) VALUES ("Xixi","李某","202006070008",1,"5f4dcc3b5aa765d61d8327deb882cf99","test_account_09@foxmail.com","18906070008",0,"2002-01-01",1,1,"/images/default.jpg","这是测试用户，这是我的空间公告","该用户真是懒到不行啦~连简介都要代劳");
INSERT INTO user (username,realname,student_number,college_id,password,email,phone,sex,birth,is_open_zone,level,user_avatar,notice,intro) VALUES ("氯磷","黄梓圭","202006070009",1,"5f4dcc3b5aa765d61d8327deb882cf99","test_account_10@foxmail.com","18906070009",0,"2000-08-27",1,1,"/images/default.jpg","这是测试用户，这是我的空间公告","该用户真是懒到不行啦~连简介都要代劳");
INSERT INTO user (username,realname,student_number,college_id,password,email,phone,sex,birth,is_open_zone,level,user_avatar,notice,intro) VALUES ("Joolum","梁晋邦","202006070010",1,"5f4dcc3b5aa765d61d8327deb882cf99","test_account_11@foxmail.com","18906070010",0,"2000-01-01",1,1,"/images/default.jpg","这是测试用户，这是我的空间公告","该用户真是懒到不行啦~连简介都要代劳");
INSERT INTO user (username,realname,student_number,college_id,password,email,phone,sex,birth,is_open_zone,level,user_avatar,notice,intro) VALUES ("MeUmy","咩栗","202006070011",1,"5f4dcc3b5aa765d61d8327deb882cf99","test_account_12@foxmail.com","18906070011",0,"1999-01-01",1,1,"/images/default.jpg","这是测试用户，这是我的空间公告","该用户真是懒到不行啦~连简介都要代劳");
INSERT INTO user (username,realname,student_number,college_id,password,email,phone,sex,birth,is_open_zone,level,user_avatar,notice,intro) VALUES ("树莓派","刘楚浩","202006070012",1,"5f4dcc3b5aa765d61d8327deb882cf99","test_account_13@foxmail.com","18906070012",0,"2000-01-01",1,1,"/images/default.jpg","这是测试用户，这是我的空间公告","该用户真是懒到不行啦~连简介都要代劳");
INSERT INTO user (username,realname,student_number,college_id,password,email,phone,sex,birth,is_open_zone,level,user_avatar,notice,intro) VALUES ("我爱编程","刘盈余","202006070013",1,"5f4dcc3b5aa765d61d8327deb882cf99","test_account_14@foxmail.com","18906070013",1,"2000-01-01",1,1,"/images/default.jpg","这是测试用户，这是我的空间公告","该用户真是懒到不行啦~连简介都要代劳");
INSERT INTO user (username,realname,student_number,college_id,password,email,phone,sex,birth,is_open_zone,level,user_avatar,notice,intro) VALUES ("香橙派","李小龙","202006070014",1,"5f4dcc3b5aa765d61d8327deb882cf99","test_account_15@foxmail.com","18906070014",1,"2000-01-01",1,1,"/images/default.jpg","这是测试用户，这是我的空间公告","该用户真是懒到不行啦~连简介都要代劳");
INSERT INTO user (username,realname,student_number,college_id,password,email,phone,sex,birth,is_open_zone,level,user_avatar,notice,intro) VALUES ("Faker","李相赫","202006070015",1,"5f4dcc3b5aa765d61d8327deb882cf99","test_account_16@foxmail.com","18906070015",1,"2000-01-01",1,0,"/images/default.jpg","这是测试用户，这是我的空间公告","李相赫（游戏ID：Faker），绰号“大魔王”，司职《英雄联盟》中单，1996年5月7日出生于韩国，是国际电子竞技俱乐部T1英雄联盟分部的队员之一");
INSERT INTO user (username,realname,student_number,college_id,password,email,phone,sex,birth,is_open_zone,level,user_avatar,notice,intro) VALUES ("AdminTest","贺建锋","202006070016",1,"5f4dcc3b5aa765d61d8327deb882cf99","test_account_17@foxmail.com","18906070017",0,"1966-04-01",0,2,"/images/default.jpg","这是一个管理员用户，这是我的空间公告","管理员就是牛逼好吧");

INSERT INTO college_table(college_name) VALUES ("信息技术学院");
INSERT INTO college_table(college_name) VALUES ("应用外语学院");
INSERT INTO college_table(college_name) VALUES ("轻化工技术学院");
INSERT INTO college_table(college_name) VALUES ("财贸学院");
INSERT INTO college_table(college_name) VALUES ("男德学院");
INSERT INTO college_table(college_name) VALUES ("酒店管理学院");
INSERT INTO college_table(college_name) VALUES ("艺术设计学院");
INSERT INTO college_table(college_name) VALUES ("机电技术学院");
INSERT INTO college_table(college_name) VALUES ("A-SOUL学院");

INSERT INTO apply_create (uid,name,logo,intro,note,parent_organization) VALUES (1,"极东魔术昼寝结社の夏","/images/default.jpg","极东魔术昼寝结社之夏（日语：极东魔术昼寝结社の夏）（或译：极东魔术昼寝结社的夏天、远东魔法午睡结社之夏）是轻小说《中二病也要谈恋爱》及其衍生作品中的一个架空的非正式学生社团（同好会）。","决定在学校寻找据点，亲自成立一个社团","社团联合会");
INSERT INTO apply_create (uid,name,logo,intro,note,parent_organization) VALUES (2,"学园偶像部","/images/default.jpg","Lovelive！","拯救废社危机！","社团联合会");
INSERT INTO apply_create (uid,name,logo,intro,note,parent_organization) VALUES (3,"轻音部","/images/default.jpg","如果不能重新召集起4名成员就会被废部。前来参观合唱部的琴吹䌷加入了，正在寻找最后一人……。","决定在学校寻找据点，亲自成立一个社团","社团联合会");
INSERT INTO apply_create (uid,name,logo,intro,note,parent_organization) VALUES (4,"摸鱼社","/images/default.jpg","大家一起来摸鱼。","这是一条备注信息","学校直辖协会");

INSERT INTO association (leader_id,name,logo,intro,parent_organization) VALUES (5,"轻风文学社","/images/default.jpg","这是文学社的简介信息","社团联合会");
INSERT INTO association (leader_id,name,logo,intro,parent_organization) VALUES (6,"自由天空动漫协会","/images/default.jpg","我们是广东轻工职业技术学院 60多个社团里之一的，艺术类社团 自由天空动漫协会，成立于2004年。是由一批动漫爱好者自主建立的属于业余爱好的社团。 ","社团联合会");
INSERT INTO association (leader_id,name,logo,intro,parent_organization) VALUES (7,"国学社","/images/default.jpg","这是国学社的简介信息","社团联合会");
INSERT INTO association (leader_id,name,logo,intro,parent_organization) VALUES (8,"青年志愿服务协会","/images/default.jpg","这是青年志愿服务协会的简介信息","校团委");
INSERT INTO association (leader_id,name,logo,intro,parent_organization) VALUES (9,"马克思主义与习近平新时代特色社会主义研究社团","/images/default.jpg","这是马克思主义与习近平新时代特色社会主义研究社团的简介信息","校党委");

INSERT INTO association_user(a_id,u_id,is_admin)VALUES(1,5,1);
INSERT INTO association_user(a_id,u_id,is_admin)VALUES(1,10,1);
INSERT INTO association_user(a_id,u_id,is_admin)VALUES(1,11,0);
INSERT INTO association_user(a_id,u_id,is_admin)VALUES(1,13,0);
INSERT INTO association_user(a_id,u_id,is_admin)VALUES(1,14,0);
INSERT INTO association_user(a_id,u_id,is_admin)VALUES(2,6,1);
INSERT INTO association_user(a_id,u_id,is_admin)VALUES(2,1,0);
INSERT INTO association_user(a_id,u_id,is_admin)VALUES(2,2,0);
INSERT INTO association_user(a_id,u_id,is_admin)VALUES(2,3,0);
INSERT INTO association_user(a_id,u_id,is_admin)VALUES(3,7,1);
INSERT INTO association_user(a_id,u_id,is_admin)VALUES(3,1,0);
INSERT INTO association_user(a_id,u_id,is_admin)VALUES(3,2,0);
INSERT INTO association_user(a_id,u_id,is_admin)VALUES(3,3,0);
INSERT INTO association_user(a_id,u_id,is_admin)VALUES(3,4,0);
INSERT INTO association_user(a_id,u_id,is_admin)VALUES(3,11,0);
INSERT INTO association_user(a_id,u_id,is_admin)VALUES(3,14,0);
INSERT INTO association_user(a_id,u_id,is_admin)VALUES(4,8,1);
INSERT INTO association_user(a_id,u_id,is_admin)VALUES(5,9,1);
INSERT INTO association_user(a_id,u_id,is_admin)VALUES(5,10,0);
INSERT INTO association_user(a_id,u_id,is_admin)VALUES(5,11,0);
INSERT INTO association_user(a_id,u_id,is_admin)VALUES(5,12,0);

INSERT INTO apply_join_association (u_id,a_id,note,is_approved) VALUES (1,4,"测试数据.........",0);
INSERT INTO apply_join_association (u_id,a_id,note,is_approved) VALUES (2,4,"测试数据.........",0);
INSERT INTO apply_join_association (u_id,a_id,note,is_approved) VALUES (3,4,"测试数据.........",0);
INSERT INTO apply_join_association (u_id,a_id,note,is_approved) VALUES (4,4,"测试数据.........",0);
INSERT INTO apply_join_association (u_id,a_id,note,is_approved) VALUES (5,4,"测试数据.........",0);
INSERT INTO apply_join_association (u_id,a_id,note,is_approved) VALUES (6,4,"测试数据.........",0);
INSERT INTO apply_join_association (u_id,a_id,note,is_approved) VALUES (1,1,"测试数据.........",0);
INSERT INTO apply_join_association (u_id,a_id,note,is_approved) VALUES (2,1,"测试数据.........",0);
VALUES (2,3,"测试数据.........通过了呢~",1);
INSERT INTO apply_join_association (u_id,a_id,note,is_approved) VALUES (3,3,"测试数据.........我能过吗",1);

INSERT INTO mail (to_id,title,content,is_read,is_system,mail_type) VALUES (2,"0-这是一封系统测试邮件","这里是邮件内容！！！！",0,1,0);
INSERT INTO mail (to_id,title,content,is_read,is_system,mail_type) VALUES (5,"1-这是一封系统测试邮件","这里是邮件内容！！！！",1,1,0);
INSERT INTO mail (to_id,title,content,is_read,is_system,mail_type) VALUES (5,"2-这是一封系统测试邮件","这里是邮件内容！！！！",0,1,0);
INSERT INTO mail (to_id,title,content,is_read,is_system,mail_type) VALUES (2,"3-这是一封系统测试邮件","这里是邮件内容！！！！",0,1,1);
INSERT INTO mail (to_id,title,content,is_read,is_system,mail_type) VALUES (2,"4-这是一封系统测试邮件","这里是邮件内容！！！！",0,1,1);
INSERT INTO mail (from_id,to_id,title,content,is_read,is_system,mail_type) VALUES (12,1,"5-这是一封用户发送的测试邮件","这里是邮件内容！！！！",0,0,0);
INSERT INTO mail (from_id,to_id,title,content,is_read,is_system,mail_type) VALUES (12,1,"6-这是一封用户发送的测试邮件","这里是邮件内容！！！！",0,0,0);
INSERT INTO mail (from_id,to_id,title,content,is_read,is_system,mail_type) VALUES (12,1,"7-这是一封用户发送的测试邮件","这里是邮件内容！！！！",1,0,0);
INSERT INTO mail (from_id,to_id,title,content,is_read,is_system,mail_type) VALUES (11,2,"8-这是一封用户发送的测试邮件","这里是邮件内容！！！！",0,0,0);
INSERT INTO mail (from_id,to_id,title,content,is_read,is_system,mail_type) VALUES (11,2,"9-这是一封用户发送给社团的测试邮件","这里是邮件内容！！！！",0,0,1);
INSERT INTO mail (from_id,to_id,title,content,is_read,is_system,mail_type) VALUES (11,2,"10-这是一封用户发送给社团的测试邮件","这里是邮件内容！！！！",0,0,1);
INSERT INTO mail (from_id,to_id,title,content,is_read,is_system,mail_type) VALUES (11,2,"1-这是一封用户发送给社团的测试邮件","这里是邮件内容！！！！",1,0,1);

INSERT INTO content (content) VALUES ("<a href='www.baidu.com'>1-通用申请表-测试数据内容表格</a>");
INSERT INTO content (content) VALUES ("<a href='www.baidu.com'>2-通用申请表-测试数据内容表格</a>");
INSERT INTO content (content) VALUES ("<a href='www.baidu.com'>3-测试数据内容表格</a>");
INSERT INTO content (content) VALUES ("<a href='www.baidu.com'>4-通用申请表-测试数据内容表格</a>");
INSERT INTO content (content) VALUES ("<a href='www.baidu.com'>4.5-通用申请表-测试数据内容表格</a>");
INSERT INTO content (content) VALUES ("<a href='www.baidu.com'>5-通用申请表-测试数据内容表格</a>");
INSERT INTO content (content) VALUES ("<a href='www.baidu.com'>6-通用申请表-测试数据内容表格</a>");
INSERT INTO content (content) VALUES ("<a href='www.BILIBILI.com'>7-活动内容-我的活动很重要！</a>");
INSERT INTO content (content) VALUES ("<a href='www.BILIBILI.com'>8-活动内容-我的活动很重要！</a>");
INSERT INTO content (content) VALUES ("<a href='www.BILIBILI.com'>10-活动内容-我的活动很重要！</a>");
INSERT INTO content (content) VALUES ("<a href='www.BILIBILI.com'>11-活动内容-我的活动很重要！</a>");
INSERT INTO content (content) VALUES ("<a href='www.BILIBILI.com'>12-活动内容-我的活动很重要！</a>");
INSERT INTO content (content) VALUES ("<a href='www.BILIBILI.com'>13-活动内容-我的活动很重要！</a>");
INSERT INTO content (content) VALUES ("<a href='www.BILIBILI.com'>14-中國共産黨第十九屆中央委員會第六次全體會議8日上午在京召開。中央委員會總書記習近平代表中央政治局向全會作工作報告，並就《中共中央關于黨的百年奮鬥重大成就和歷史經驗的決議（討論稿）》向全會作了説明。！</a>");
INSERT INTO content (content) VALUES ("<a href='www.BILIBILI.com'>15-活动内容-我的活动很重要！</a>\n<img src='http://rolin.icu:11119/images/default.jpg' />");
INSERT INTO content (content) VALUES ("<a href='www.BILIBILI.com'>16-帖子内容，奇奇怪怪！</a>");
INSERT INTO content (content) VALUES ("<a href='www.BILIBILI.com'>17-帖子内容，奇奇怪怪！</a>");
INSERT INTO content (content) VALUES ("<a href='www.BILIBILI.com'>18-帖子内容，奇奇怪怪！</a>");
INSERT INTO content (content) VALUES ("<a href='www.BILIBILI.com'>19-帖子内容，奇奇怪怪！</a>");
INSERT INTO content (content) VALUES ("<a href='www.BILIBILI.com'>20-帖子内容，奇奇怪怪！</a>");
INSERT INTO content (content) VALUES ("<a href='www.BILIBILI.com'>21-帖子内容，奇奇怪怪！</a>\n<p>富途moomoo小岛粉丝专享一股NIO蔚来赠股，价值约40美金，全网中文博主独家福利！\n通过小岛链接入金100美金可额外获赠一股NIO！小岛专属页面链接打开可看到新人豪礼详情。</p>");
INSERT INTO content (content) VALUES ("<a href='www.BILIBILI.com'>22-帖子内容，奇奇怪怪！</a>");

INSERT INTO apply_commond(a_id,title,content_id) VALUES (2,"我想要举办社团活动",1);
INSERT INTO apply_commond(a_id,title,content_id) VALUES (2,"我想要举办社团活动",2);
INSERT INTO apply_commond(a_id,title,content_id) VALUES (2,"我想要举办社团活动",3);
INSERT INTO apply_commond(a_id,title,content_id) VALUES (2,"我想要举办社团活动",4);
INSERT INTO apply_commond(a_id,title,content_id) VALUES (2,"我想要举办社团活动",5);
INSERT INTO apply_commond(a_id,title,content_id) VALUES (3,"我想要举办社团活动",6);
INSERT INTO apply_commond(a_id,title,content_id) VALUES (4,"我想要举办社团活动",7);

INSERT INTO action (a_id,title,content_id,start_time,end_time,is_approved,position) VALUES (1,"举办Lovelive1",8,"2021-06-27 18:00:00","2021-12-08 12:00:00",1,"第四实训楼 C209");
INSERT INTO action (a_id,title,content_id,start_time,end_time,is_approved,position) VALUES (2,"举办Lovelive2",9,"2021-12-27 18:00:00","2021-12-30 13:00:00",0,"第一教学楼 1109");
INSERT INTO action (a_id,title,content_id,start_time,end_time,is_approved,position) VALUES (3,"举办Lovelive3",10,"2021-11-27 18:00:00","2021-12-08 12:00:00",0,"43栋楼下");
INSERT INTO action (a_id,title,content_id,start_time,end_time,is_approved,position) VALUES (3,"举办Lovelive4",11,"2021-11-27 18:00:00","2021-12-08 12:00:00",1);

INSERT INTO join_action (act_id,u_id) VALUES (1,5);
INSERT INTO join_action (act_id,u_id) VALUES (1,10);
INSERT INTO join_action (act_id,u_id) VALUES (1,11);
INSERT INTO join_action (act_id,u_id) VALUES (1,13);
INSERT INTO join_action (act_id,u_id) VALUES (4,1);
INSERT INTO join_action (act_id,u_id) VALUES (4,2);
INSERT INTO join_action (act_id,u_id) VALUES (4,3);

INSERT INTO post (a_id,u_id,title,content_id,tags,post_type) VALUES (0,16,"这是一则公共交流区的公告",12,"ceshi,Test,测试",0);
INSERT INTO post (a_id,u_id,title,content_id,tags,post_type) VALUES (0,16,"美商务部长下周访问亚洲强化供应链 行程不包括中国",13,"ceshi,Test,测试",0);
INSERT INTO post (a_id,u_id,title,content_id,tags,post_type) VALUES (0,16,"中國共産黨第十九屆中央委員會第六次全體會議在京召開",14,"ceshi,Test,测试",0);
INSERT INTO post (a_id,u_id,title,content_id,tags,post_type) VALUES (0,13,"习氏决议VS.邓氏决议 学者吁警惕个人野心膨胀危及国际秩序",15,"ceshi,Test,测试",1);
INSERT INTO post (a_id,u_id,title,content_id,tags,post_type) VALUES (0,4,"每次穿裙子回寝室，我原来的室友们都极其淡定，有一种我是他们姐姐的感觉",16,"ceshi,Test,测试",1);
INSERT INTO post (a_id,u_id,title,content_id,tags,post_type) VALUES (2,6,"WE ARE THE CHAMPION!!!!!",17,"ceshi,Test,测试",0);
INSERT INTO post (a_id,u_id,title,content_id,tags,post_type) VALUES (3,7,"天宫玉兔的汉服真的好好看哇！",18,"ceshi,Test,测试",0);
INSERT INTO post (a_id,u_id,title,content_id,tags,post_type) VALUES (2,1,"舌尖上的中国空间站",19,"ceshi,Test,测试",1);
INSERT INTO post (a_id,u_id,title,content_id,tags,post_type) VALUES (2,2,"大家还是要知道「距离产生美」，网络上的人设可以是完美的，但实际情况是你不知道对方实际是一个什么样的人",20,"ceshi,Test,测试",1);
INSERT INTO post (a_id,u_id,title,content_id,tags,post_type) VALUES (5,12,"罗杰叔叔点评：地狱厨神戈登拉姆齐版10分钟拉面",21,"ceshi,Test,测试",1);
INSERT INTO post (a_id,u_id,title,content_id,tags,post_type) VALUES (5,9,"【小岛浪吹】目前尺度最大的一期，这么多年你都白嫖了，原来里面有这么多牛B",22,"ceshi,Test,测试",1);

INSERT INTO comments (p_id,u_id,content) VALUES(2,3,"测试评论等等等等");
INSERT INTO comments (p_id,u_id,content) VALUES(2,4,"测试评论等等等等");
INSERT INTO comments (p_id,u_id,content) VALUES(2,5,"测212试评论等等等等");
INSERT INTO comments (p_id,u_id,content) VALUES(7,7,"测试评论等等等等");
INSERT INTO comments (p_id,u_id,content) VALUES(7,7,"goodgoodgood");
INSERT INTO comments (p_id,u_id,content) VALUES(7,14,"goodgoodgood");
INSERT INTO comments (p_id,u_id,content) VALUES(7,16,"好的好的好的");
INSERT INTO comments (p_id,u_id,content) VALUES(7,1,"好的好的好的，这是一条评论试了xxx");
INSERT INTO comments (p_id,u_id,content) VALUES(7,1,"好的好的好的，这是一条评论试了xxx");
INSERT INTO comments (p_id,u_id,content) VALUES(7,1,"好的好的好的，这是一条评论试了xxx");
INSERT INTO comments (p_id,u_id,content) VALUES(7,1,"好的好的好的，这是一条评论试了xxx");
INSERT INTO comments (p_id,u_id,content) VALUES(7,1,"好的好的好的，这是一条评论试了xxx");
INSERT INTO comments (p_id,u_id,content) VALUES(7,1,"好的好的好的，这是一条评论试了xxx");
INSERT INTO comments (p_id,u_id,content) VALUES(7,1,"好的好的好的，这是一条评论试了xxx");
INSERT INTO comments (p_id,u_id,content) VALUES(7,1,"好的好的好的，这是一条评论试了xxx");
INSERT INTO comments (p_id,u_id,content) VALUES(7,1,"好的好的好的，这是一条评论试了xxx");
INSERT INTO comments (p_id,u_id,content) VALUES(7,1,"好的好的好的，这是一条评论试了xxx");
INSERT INTO comments (p_id,u_id,content) VALUES(7,1,"好的好的好的，这是一条评论试了xxx");
INSERT INTO comments (p_id,u_id,content) VALUES(7,1,"好的好的好的，这是一条评论试了xxx");
INSERT INTO comments (p_id,u_id,content) VALUES(7,1,"好的好的好的，这是一条评论试了xxx");
INSERT INTO comments (p_id,u_id,content) VALUES(7,1,"好的好的好的，这是一条评论试了xxx");
INSERT INTO comments (p_id,u_id,content) VALUES(7,1,"好的好的好的，这是一条评论试了xxx");
INSERT INTO comments (p_id,u_id,content) VALUES(7,1,"好的好的好的，这是一条评论试了xxx");
INSERT INTO comments (p_id,u_id,content) VALUES(7,1,"好的好的撒娇的发货时间发货哈大家进啊·和大家安静·x");
INSERT INTO comments (p_id,u_id,content) VALUES(7,1,"好的好的撒娇的发货时间发货哈大家进啊·和大家安静·x");
INSERT INTO comments (p_id,u_id,content) VALUES(7,1,"好的好的撒娇的发货时间发货哈大家进啊·和大家安静·x");
INSERT INTO comments (p_id,u_id,content) VALUES(7,1,"好的好的撒娇的发货时间发货哈大家进啊·和大家安静·x");
INSERT INTO comments (p_id,u_id,content) VALUES(7,1,"好的好的撒娇的发货时间发货哈大家进啊·和大家安静·x");
INSERT INTO comments (p_id,u_id,content) VALUES(7,1,"楼主牛逼！！！！！！！！！！！！！！！！！！！！");

INSERT INTO favorite_table(p_id,u_id) VALUES (2,1);
INSERT INTO favorite_table(p_id,u_id) VALUES (2,2);
INSERT INTO favorite_table(p_id,u_id) VALUES (3,4);